{"cameraMode":{"drawMode":0,"name":"Shaded","section":"Shading Mode"},"sceneLighting":true,"audioPlay":false,"sceneViewState":{"m_AlwaysRefresh":false,"showFog":true,"showSkybox":true,"showFlares":true,"showImageEffects":true,"showParticleSystems":true,"showVisualEffectGraphs":true,"m_FxEnabled":true},"in2DMode":false,"pivot":{"x":-0.6566357612609863,"y":0.6279430389404297,"z":-13.375919342041016},"rotation":{"x":0.2992442846298218,"y":0.0028622939717024566,"z":-0.0008945678710006177,"w":0.9541826248168945},"size":28.64790916442871,"orthographic":false}