{"cameraMode":{"drawMode":0,"name":"Shaded","section":"Shading Mode"},"sceneLighting":true,"audioPlay":false,"sceneViewState":{"m_AlwaysRefresh":false,"showFog":true,"showSkybox":true,"showFlares":true,"showImageEffects":true,"showParticleSystems":true,"showVisualEffectGraphs":true,"m_FxEnabled":true},"in2DMode":false,"pivot":{"x":-12.426109313964844,"y":-5.771282196044922,"z":-11.241964340209961},"rotation":{"x":0.16886329650878907,"y":-0.6601803302764893,"z":0.15589942038059236,"w":0.7150794267654419},"size":20.684356689453126,"orthographic":false}