{"cameraMode":{"drawMode":0,"name":"Shaded","section":"Shading Mode"},"sceneLighting":true,"audioPlay":false,"sceneViewState":{"m_AlwaysRefresh":false,"showFog":true,"showSkybox":true,"showFlares":true,"showImageEffects":true,"showParticleSystems":true,"showVisualEffectGraphs":true,"m_FxEnabled":true},"in2DMode":false,"pivot":{"x":0.9034900665283203,"y":11.717645645141602,"z":-17.709068298339845},"rotation":{"x":0.4730897843837738,"y":0.20260263979434968,"z":-0.11276723444461823,"w":0.8499587774276733},"size":15.375642776489258,"orthographic":false}