{"cameraMode":{"drawMode":0,"name":"Shaded","section":"Shading Mode"},"sceneLighting":true,"audioPlay":false,"sceneViewState":{"m_AlwaysRefresh":false,"showFog":true,"showSkybox":true,"showFlares":true,"showImageEffects":true,"showParticleSystems":true,"showVisualEffectGraphs":true,"m_FxEnabled":true},"in2DMode":false,"pivot":{"x":-3.1883246898651125,"y":0.9800000190734863,"z":-10.183941841125489},"rotation":{"x":0.21507272124290467,"y":0.0336848646402359,"z":-0.0074226693250238899,"w":0.9759893417358398},"size":0.9179867506027222,"orthographic":false}