{"cameraMode":{"drawMode":0,"name":"Shaded","section":"Shading Mode"},"sceneLighting":true,"audioPlay":false,"sceneViewState":{"m_AlwaysRefresh":false,"showFog":true,"showSkybox":true,"showFlares":true,"showImageEffects":true,"showParticleSystems":true,"showVisualEffectGraphs":true,"m_FxEnabled":true},"in2DMode":false,"pivot":{"x":142.64068603515626,"y":420.3102722167969,"z":484.6446533203125},"rotation":{"x":0.41263845562934878,"y":-0.01366165280342102,"z":0.006192203611135483,"w":0.9107744693756104},"size":1449.26611328125,"orthographic":false}