{"cameraMode":{"drawMode":0,"name":"Shaded","section":"Shading Mode"},"sceneLighting":true,"audioPlay":false,"sceneViewState":{"m_AlwaysRefresh":false,"showFog":true,"showSkybox":true,"showFlares":true,"showImageEffects":true,"showParticleSystems":true,"showVisualEffectGraphs":true,"m_FxEnabled":true},"in2DMode":false,"pivot":{"x":1.9567689895629883,"y":7.19849967956543,"z":-6.45440673828125},"rotation":{"x":0.0018937904387712479,"y":0.9187374711036682,"z":-0.3948400914669037,"w":0.004406362306326628},"size":22.654542922973634,"orthographic":false}