{"cameraMode":{"drawMode":0,"name":"Shaded","section":"Shading Mode"},"sceneLighting":true,"audioPlay":false,"sceneViewState":{"m_AlwaysRefresh":false,"showFog":true,"showSkybox":true,"showFlares":true,"showImageEffects":true,"showParticleSystems":true,"showVisualEffectGraphs":true,"m_FxEnabled":true},"in2DMode":false,"pivot":{"x":-2.175798177719116,"y":0.30415862798690798,"z":-4.942501068115234},"rotation":{"x":0.6487162113189697,"y":0.0011415606131777168,"z":-0.0009731369209475815,"w":0.7610276341438294},"size":9.32846450805664,"orthographic":false}