{"cameraMode":{"drawMode":0,"name":"Shaded","section":"Shading Mode"},"sceneLighting":false,"audioPlay":false,"sceneViewState":{"m_AlwaysRefresh":false,"showFog":true,"showSkybox":false,"showFlares":true,"showImageEffects":true,"showParticleSystems":true,"showVisualEffectGraphs":true,"m_FxEnabled":true},"in2DMode":false,"pivot":{"x":0.7396323680877686,"y":-1.0401413440704346,"z":1.1469037532806397},"rotation":{"x":0.30306684970855715,"y":-0.05285441130399704,"z":0.016838325187563897,"w":0.9513570070266724},"size":2.5976738929748537,"orthographic":false}