{"cameraMode":{"drawMode":0,"name":"Shaded","section":"Shading Mode"},"sceneLighting":false,"audioPlay":false,"sceneViewState":{"m_AlwaysRefresh":false,"showFog":true,"showSkybox":false,"showFlares":true,"showImageEffects":true,"showParticleSystems":true,"showVisualEffectGraphs":true,"m_FxEnabled":true},"in2DMode":false,"pivot":{"x":-0.32811450958251955,"y":-0.10000002384185791,"z":-12.530965805053711},"rotation":{"x":0.4730897843837738,"y":0.20260263979434968,"z":-0.11276723444461823,"w":0.8499587774276733},"size":12.450984001159668,"orthographic":false}