{"cameraMode":{"drawMode":0,"name":"Shaded","section":"Shading Mode"},"sceneLighting":false,"audioPlay":false,"sceneViewState":{"m_AlwaysRefresh":false,"showFog":true,"showSkybox":false,"showFlares":true,"showImageEffects":true,"showParticleSystems":true,"showVisualEffectGraphs":true,"m_FxEnabled":true},"in2DMode":false,"pivot":{"x":-0.009821712970733643,"y":0.6831405162811279,"z":0.6816298961639404},"rotation":{"x":0.07628984749317169,"y":-0.16228707134723664,"z":0.01258864626288414,"w":0.9837180376052856},"size":1.8836373090744019,"orthographic":false}