{"cameraMode":{"drawMode":0,"name":"Shaded","section":"Shading Mode"},"sceneLighting":false,"audioPlay":false,"sceneViewState":{"m_AlwaysRefresh":false,"showFog":true,"showSkybox":false,"showFlares":true,"showImageEffects":true,"showParticleSystems":true,"showVisualEffectGraphs":true,"m_FxEnabled":true},"in2DMode":false,"pivot":{"x":1.2899999618530274,"y":0.7300000190734863,"z":-8.289999961853028},"rotation":{"x":-0.002999750431627035,"y":0.013499514199793339,"z":0.000040499860915588215,"w":0.9999040365219116},"size":0.7071067690849304,"orthographic":true}