{"cameraMode":{"drawMode":0,"name":"Shaded","section":"Shading Mode"},"sceneLighting":false,"audioPlay":false,"sceneViewState":{"m_AlwaysRefresh":false,"showFog":true,"showSkybox":false,"showFlares":true,"showImageEffects":true,"showParticleSystems":true,"showVisualEffectGraphs":true,"m_FxEnabled":true},"in2DMode":false,"pivot":{"x":0.14012223482131959,"y":0.018442988395690919,"z":-0.22452086210250855},"rotation":{"x":0.6833757758140564,"y":-0.003287890460342169,"z":0.00307222711853683,"w":0.7300346493721008},"size":0.9389495849609375,"orthographic":true}