{"cameraMode":{"drawMode":0,"name":"Shaded","section":"Shading Mode"},"sceneLighting":false,"audioPlay":false,"sceneViewState":{"m_AlwaysRefresh":false,"showFog":true,"showSkybox":false,"showFlares":true,"showImageEffects":true,"showParticleSystems":true,"showVisualEffectGraphs":true,"m_FxEnabled":true},"in2DMode":false,"pivot":{"x":0.0029054805636405946,"y":-0.04259538650512695,"z":-0.06167316436767578},"rotation":{"x":0.16868658363819123,"y":-0.0014796196483075619,"z":0.00025341386208310723,"w":0.9856525659561157},"size":0.5364202857017517,"orthographic":true}