{"cameraMode":{"drawMode":0,"name":"Shaded","section":"Shading Mode"},"sceneLighting":false,"audioPlay":false,"sceneViewState":{"m_AlwaysRefresh":false,"showFog":true,"showSkybox":false,"showFlares":true,"showImageEffects":true,"showParticleSystems":true,"showVisualEffectGraphs":true,"m_FxEnabled":true},"in2DMode":false,"pivot":{"x":-0.08327062427997589,"y":-0.016636133193969728,"z":0.10568901896476746},"rotation":{"x":0.7509081363677979,"y":-0.018809113651514055,"z":0.02140672877430916,"w":0.6597918272018433},"size":0.7580569982528687,"orthographic":true}