{"cameraMode":{"drawMode":0,"name":"Shaded","section":"Shading Mode"},"sceneLighting":false,"audioPlay":false,"sceneViewState":{"m_AlwaysRefresh":false,"showFog":true,"showSkybox":false,"showFlares":true,"showImageEffects":true,"showParticleSystems":true,"showVisualEffectGraphs":true,"m_FxEnabled":true},"in2DMode":false,"pivot":{"x":0.12780798971652986,"y":-0.08589297533035279,"z":-0.03385019302368164},"rotation":{"x":0.3165447413921356,"y":-0.04692915081977844,"z":0.015682147815823556,"w":0.9472669363021851},"size":0.7971715927124023,"orthographic":true}