{"cameraMode":{"drawMode":0,"name":"Shaded","section":"Shading Mode"},"sceneLighting":false,"audioPlay":false,"sceneViewState":{"m_AlwaysRefresh":false,"showFog":true,"showSkybox":false,"showFlares":true,"showImageEffects":true,"showParticleSystems":true,"showVisualEffectGraphs":true,"m_FxEnabled":true},"in2DMode":false,"pivot":{"x":-1.1554594039916993,"y":1.8002748489379883,"z":-0.13721802830696107},"rotation":{"x":0.5571630597114563,"y":-0.04355577379465103,"z":0.029266612604260446,"w":0.8287307024002075},"size":4.100061416625977,"orthographic":true}