{"cameraMode":{"drawMode":0,"name":"Shaded","section":"Shading Mode"},"sceneLighting":false,"audioPlay":false,"sceneViewState":{"m_AlwaysRefresh":false,"showFog":true,"showSkybox":false,"showFlares":true,"showImageEffects":true,"showParticleSystems":true,"showVisualEffectGraphs":true,"m_FxEnabled":true},"in2DMode":false,"pivot":{"x":-1.978135108947754,"y":1.1329808235168458,"z":1.6815109252929688},"rotation":{"x":0.22600288689136506,"y":-0.1397118717432022,"z":0.032774996012449267,"w":0.9635071158409119},"size":2.567394495010376,"orthographic":false}