{"cameraMode":{"drawMode":0,"name":"Shaded","section":"Shading Mode"},"sceneLighting":false,"audioPlay":false,"sceneViewState":{"m_AlwaysRefresh":false,"showFog":true,"showSkybox":false,"showFlares":true,"showImageEffects":true,"showParticleSystems":true,"showVisualEffectGraphs":true,"m_FxEnabled":true},"in2DMode":false,"pivot":{"x":-0.19171036779880525,"y":-0.060011088848114017,"z":0.04781907796859741},"rotation":{"x":0.021662909537553788,"y":0.910591185092926,"z":-0.4099256992340088,"w":0.04812063276767731},"size":0.7436666488647461,"orthographic":false}