{"cameraMode":{"drawMode":0,"name":"Shaded","section":"Shading Mode"},"sceneLighting":false,"audioPlay":false,"sceneViewState":{"m_AlwaysRefresh":false,"showFog":true,"showSkybox":false,"showFlares":true,"showImageEffects":true,"showParticleSystems":true,"showVisualEffectGraphs":true,"m_FxEnabled":true},"in2DMode":false,"pivot":{"x":0.0887969434261322,"y":-0.4235224723815918,"z":1.294372320175171},"rotation":{"x":0.4530346095561981,"y":-0.026737555861473085,"z":0.013594729825854302,"w":0.8909820318222046},"size":3.5742623805999758,"orthographic":false}