{"cameraMode":{"drawMode":0,"name":"Shaded","section":"Shading Mode"},"sceneLighting":false,"audioPlay":false,"sceneViewState":{"m_AlwaysRefresh":false,"showFog":true,"showSkybox":false,"showFlares":true,"showImageEffects":true,"showParticleSystems":true,"showVisualEffectGraphs":true,"m_FxEnabled":true},"in2DMode":false,"pivot":{"x":-121.39103698730469,"y":23.555259704589845,"z":-56.53813934326172},"rotation":{"x":0.5068134069442749,"y":-0.03231162205338478,"z":0.01901441626250744,"w":0.8612394332885742},"size":18.828752517700197,"orthographic":false}