{"cameraMode":{"drawMode":0,"name":"Shaded","section":"Shading Mode"},"sceneLighting":false,"audioPlay":false,"sceneViewState":{"m_AlwaysRefresh":false,"showFog":true,"showSkybox":false,"showFlares":true,"showImageEffects":true,"showParticleSystems":true,"showVisualEffectGraphs":true,"m_FxEnabled":true},"in2DMode":false,"pivot":{"x":0.1145934984087944,"y":0.2869502305984497,"z":0.9718876481056213},"rotation":{"x":0.6165029406547546,"y":0.10881579667329788,"z":-0.08656415343284607,"w":0.7749733924865723},"size":3.2136027812957765,"orthographic":false}