{"cameraMode":{"drawMode":0,"name":"Shaded","section":"Shading Mode"},"sceneLighting":false,"audioPlay":false,"sceneViewState":{"m_AlwaysRefresh":false,"showFog":true,"showSkybox":false,"showFlares":true,"showImageEffects":true,"showParticleSystems":true,"showVisualEffectGraphs":true,"m_FxEnabled":true},"in2DMode":false,"pivot":{"x":0.021619737148284913,"y":0.14080587029457093,"z":-6.567434310913086},"rotation":{"x":-0.002999750431627035,"y":0.013499514199793339,"z":0.000040499860915588215,"w":0.9999040365219116},"size":0.5844385623931885,"orthographic":true}